INSERT INTO NEWS (NEWS_ID, SHORT_TEXT, FULL_TEXT, TITLE, CREATION_DATE, MODIFICATION_DATE)
VALUES(1, 'firstShort', 'firstFull', 'firstTitle', '19-APR-15 07.49.58.162000000 AM', '20-APR-15');
INSERT INTO NEWS (NEWS_ID, SHORT_TEXT, FULL_TEXT, TITLE, CREATION_DATE, MODIFICATION_DATE)
VALUES(2, 'secondShort', 'secondFull', 'secondTitle', '20-APR-15 07.49.58.162000000 AM', '21-APR-15');
INSERT INTO NEWS (NEWS_ID, SHORT_TEXT, FULL_TEXT, TITLE, CREATION_DATE, MODIFICATION_DATE)
VALUES(3, 'thirdShort', 'thirdFull', 'thirdTitle', '21-APR-15 07.49.58.162000000 AM', '22-APR-15');
INSERT INTO NEWS (NEWS_ID, SHORT_TEXT, FULL_TEXT, TITLE, CREATION_DATE, MODIFICATION_DATE)
VALUES(4, 'fourthShort', 'fourthFull', 'fourthTitle', '22-APR-15 07.49.58.162000000 AM', '23-APR-15');
INSERT INTO NEWS (NEWS_ID, SHORT_TEXT, FULL_TEXT, TITLE, CREATION_DATE, MODIFICATION_DATE)
VALUES(5, 'fifthShort', 'fifthFull', 'fifthTitle', '23-APR-15 07.49.58.162000000 AM', '24-APR-15');
INSERT INTO NEWS (NEWS_ID, SHORT_TEXT, FULL_TEXT, TITLE, CREATION_DATE, MODIFICATION_DATE)
VALUES(6, 'sixthShort', 'sixthFull', 'sixthTitle', '24-APR-15 07.49.58.162000000 AM', '25-APR-15');
INSERT INTO NEWS (NEWS_ID, SHORT_TEXT, FULL_TEXT, TITLE, CREATION_DATE, MODIFICATION_DATE)
VALUES(7, 'seventhShort', 'seventhFull', 'seventhTitle', '25-APR-15 07.49.58.162000000 AM', '26-APR-15');
INSERT INTO NEWS (NEWS_ID, SHORT_TEXT, FULL_TEXT, TITLE, CREATION_DATE, MODIFICATION_DATE)
VALUES(8, 'eighthShort', 'eighthFull', 'eighthTitle', '26-APR-15 07.49.58.162000000 AM', '27-APR-15');
INSERT INTO AUTHOR (AUTHOR_ID, AUTHOR_NAME) VALUES (1, 'first');
INSERT INTO AUTHOR (AUTHOR_ID, AUTHOR_NAME) VALUES (2, 'second');
INSERT INTO AUTHOR (AUTHOR_ID, AUTHOR_NAME) VALUES (3, 'third');
INSERT INTO AUTHOR (AUTHOR_ID, AUTHOR_NAME) VALUES (4, 'fourth');
INSERT INTO AUTHOR (AUTHOR_ID, AUTHOR_NAME) VALUES (5, 'fifth');
INSERT INTO AUTHOR (AUTHOR_ID, AUTHOR_NAME) VALUES (6, 'sixth');
INSERT INTO AUTHOR (AUTHOR_ID, AUTHOR_NAME) VALUES (7, 'seventh');
INSERT INTO AUTHOR (AUTHOR_ID, AUTHOR_NAME) VALUES (8, 'eighth');
INSERT INTO AUTHOR (AUTHOR_ID, AUTHOR_NAME) VALUES (9, 'ninth');
INSERT INTO AUTHOR (AUTHOR_ID, AUTHOR_NAME) VALUES (10, 'tenth');
INSERT INTO NEWS_AUTHOR (NEWS_ID, AUTHOR_ID) VALUES (1, 1);
INSERT INTO NEWS_AUTHOR (NEWS_ID, AUTHOR_ID) VALUES (2, 1);
INSERT INTO NEWS_AUTHOR (NEWS_ID, AUTHOR_ID) VALUES (3, 2);
INSERT INTO NEWS_AUTHOR (NEWS_ID, AUTHOR_ID) VALUES (4, 3);
INSERT INTO NEWS_AUTHOR (NEWS_ID, AUTHOR_ID) VALUES (5, 8);
INSERT INTO NEWS_AUTHOR (NEWS_ID, AUTHOR_ID) VALUES (6, 4);
INSERT INTO NEWS_AUTHOR (NEWS_ID, AUTHOR_ID) VALUES (7, 5);
INSERT INTO NEWS_AUTHOR (NEWS_ID, AUTHOR_ID) VALUES (8, 8);
INSERT INTO TAG (TAG_ID, TAG_NAME) VALUES (1, 'first');
INSERT INTO TAG (TAG_ID, TAG_NAME) VALUES (2, 'second');
INSERT INTO TAG (TAG_ID, TAG_NAME) VALUES (3, 'third');
INSERT INTO TAG (TAG_ID, TAG_NAME) VALUES (4, 'fourth');
INSERT INTO TAG (TAG_ID, TAG_NAME) VALUES (5, 'fifth');
INSERT INTO TAG (TAG_ID, TAG_NAME) VALUES (6, 'sixth');
INSERT INTO TAG (TAG_ID, TAG_NAME) VALUES (7, 'seventh');
INSERT INTO TAG (TAG_ID, TAG_NAME) VALUES (8, 'eighth');
INSERT INTO TAG (TAG_ID, TAG_NAME) VALUES (9, 'ninth');
INSERT INTO TAG (TAG_ID, TAG_NAME) VALUES (10, 'tenth');
INSERT INTO TAG (TAG_ID, TAG_NAME) VALUES (11, 'eleventh');
INSERT INTO TAG (TAG_ID, TAG_NAME) VALUES (12, 'twelfth');
INSERT INTO TAG (TAG_ID, TAG_NAME) VALUES (13, 'thirteenth');
INSERT INTO TAG (TAG_ID, TAG_NAME) VALUES (14, 'fourteenth');
INSERT INTO TAG (TAG_ID, TAG_NAME) VALUES (15, 'fifteenth');
INSERT INTO TAG (TAG_ID, TAG_NAME) VALUES (16, 'sixteenth');
INSERT INTO TAG (TAG_ID, TAG_NAME) VALUES (17, 'seventeenth');
INSERT INTO TAG (TAG_ID, TAG_NAME) VALUES (18, 'eighteenth');
INSERT INTO TAG (TAG_ID, TAG_NAME) VALUES (19, 'nineteenth');
INSERT INTO TAG (TAG_ID, TAG_NAME) VALUES (20, 'twentieth');
INSERT INTO NEWS_TAG (NEWS_ID, TAG_ID) VALUES (1, 1);
INSERT INTO NEWS_TAG (NEWS_ID, TAG_ID) VALUES (2, 2);
INSERT INTO NEWS_TAG (NEWS_ID, TAG_ID) VALUES (3, 3);
INSERT INTO NEWS_TAG (NEWS_ID, TAG_ID) VALUES (1, 2);
INSERT INTO NEWS_TAG (NEWS_ID, TAG_ID) VALUES (2, 1);
INSERT INTO NEWS_TAG (NEWS_ID, TAG_ID) VALUES (3, 1);
INSERT INTO NEWS_TAG (NEWS_ID, TAG_ID) VALUES (1, 7);
INSERT INTO NEWS_TAG (NEWS_ID, TAG_ID) VALUES (4, 6);
INSERT INTO NEWS_TAG (NEWS_ID, TAG_ID) VALUES (1, 4);
INSERT INTO NEWS_TAG (NEWS_ID, TAG_ID) VALUES (3, 7);
INSERT INTO NEWS_TAG (NEWS_ID, TAG_ID) VALUES (5, 6);
INSERT INTO NEWS_TAG (NEWS_ID, TAG_ID) VALUES (1, 9);
INSERT INTO NEWS_TAG (NEWS_ID, TAG_ID) VALUES (2, 8);
INSERT INTO NEWS_TAG (NEWS_ID, TAG_ID) VALUES (3, 17);
INSERT INTO NEWS_TAG (NEWS_ID, TAG_ID) VALUES (4, 9);
INSERT INTO NEWS_TAG (NEWS_ID, TAG_ID) VALUES (5, 8);
INSERT INTO NEWS_TAG (NEWS_ID, TAG_ID) VALUES (6, 7);
INSERT INTO NEWS_TAG (NEWS_ID, TAG_ID) VALUES (6, 8);
INSERT INTO NEWS_TAG (NEWS_ID, TAG_ID) VALUES (6, 8);
INSERT INTO NEWS_TAG (NEWS_ID, TAG_ID) VALUES (9, 1);
INSERT INTO NEWS_TAG (NEWS_ID, TAG_ID) VALUES (6, 2);
INSERT INTO NEWS_AUTHOR (NEWS_ID, AUTHOR_ID) VALUES (1, 1);
INSERT INTO NEWS_AUTHOR (NEWS_ID, AUTHOR_ID) VALUES (2, 1);
INSERT INTO NEWS_AUTHOR (NEWS_ID, AUTHOR_ID) VALUES (3, 2);
INSERT INTO NEWS_AUTHOR (NEWS_ID, AUTHOR_ID) VALUES (4, 3);
INSERT INTO NEWS_AUTHOR (NEWS_ID, AUTHOR_ID) VALUES (5, 8);
INSERT INTO NEWS_AUTHOR (NEWS_ID, AUTHOR_ID) VALUES (6, 4);
INSERT INTO NEWS_AUTHOR (NEWS_ID, AUTHOR_ID) VALUES (7, 5);
INSERT INTO NEWS_AUTHOR (NEWS_ID, AUTHOR_ID) VALUES (8, 8);
INSERT INTO COMMENTS (COMMENT_ID, NEWS_ID, COMMENT_TEXT, CREATION_DATE) VALUES (1, 1, 'first', '01-MAY-15 07.49.58.162000000 AM');
INSERT INTO COMMENTS (COMMENT_ID, NEWS_ID, COMMENT_TEXT, CREATION_DATE) VALUES (2, 2, 'second', '02-MAY-15 07.49.58.162000000 AM');
INSERT INTO COMMENTS (COMMENT_ID, NEWS_ID, COMMENT_TEXT, CREATION_DATE) VALUES (3, 3, 'third', '03-MAY-15 07.49.58.162000000 AM');
INSERT INTO COMMENTS (COMMENT_ID, NEWS_ID, COMMENT_TEXT, CREATION_DATE) VALUES (4, 4, 'fourth', '04-MAY-15 07.49.58.162000000 AM');
INSERT INTO COMMENTS (COMMENT_ID, NEWS_ID, COMMENT_TEXT, CREATION_DATE) VALUES (5, 5, 'fifth', '05-MAY-15 07.49.58.162000000 AM');
INSERT INTO COMMENTS (COMMENT_ID, NEWS_ID, COMMENT_TEXT, CREATION_DATE) VALUES (6, 3, 'sixth', '01-MAY-15 07.49.58.162000000 AM');
INSERT INTO COMMENTS (COMMENT_ID, NEWS_ID, COMMENT_TEXT, CREATION_DATE) VALUES (7, 4, 'seventh', '02-MAY-15 07.49.58.162000000 AM');
INSERT INTO COMMENTS (COMMENT_ID, NEWS_ID, COMMENT_TEXT, CREATION_DATE) VALUES (8, 3, 'eighth', '22-MAY-15 07.49.58.162000000 AM');
INSERT INTO COMMENTS (COMMENT_ID, NEWS_ID, COMMENT_TEXT, CREATION_DATE) VALUES (9, 2, 'ninth', '21-MAY-15 07.49.58.162000000 AM');
INSERT INTO COMMENTS (COMMENT_ID, NEWS_ID, COMMENT_TEXT, CREATION_DATE) VALUES (10, 7, 'tenth', '12-MAY-15 07.49.58.162000000 AM');
INSERT INTO COMMENTS (COMMENT_ID, NEWS_ID, COMMENT_TEXT, CREATION_DATE) VALUES (11, 4, 'eleventh', '13-MAY-15 07.49.58.162000000 AM');
INSERT INTO COMMENTS (COMMENT_ID, NEWS_ID, COMMENT_TEXT, CREATION_DATE) VALUES (12, 5, 'twelfth', '15-MAY-15 07.49.58.162000000 AM');
INSERT INTO COMMENTS (COMMENT_ID, NEWS_ID, COMMENT_TEXT, CREATION_DATE) VALUES (13, 1, 'thirteenth', '01-MAY-15 07.49.58.162000000 AM');
INSERT INTO COMMENTS (COMMENT_ID, NEWS_ID, COMMENT_TEXT, CREATION_DATE) VALUES (14, 6, 'fourteenth', '07-MAY-15 07.49.58.162000000 AM');
INSERT INTO COMMENTS (COMMENT_ID, NEWS_ID, COMMENT_TEXT, CREATION_DATE) VALUES (15, 3, 'fifteenth', '21-MAY-15 07.49.58.162000000 AM');
INSERT INTO COMMENTS (COMMENT_ID, NEWS_ID, COMMENT_TEXT, CREATION_DATE) VALUES (16, 7, 'sixteenth', '29-MAY-15 07.49.58.162000000 AM');
INSERT INTO COMMENTS (COMMENT_ID, NEWS_ID, COMMENT_TEXT, CREATION_DATE) VALUES (17, 4, 'seventeenth', '23-MAY-15 07.49.58.162000000 AM');
INSERT INTO COMMENTS (COMMENT_ID, NEWS_ID, COMMENT_TEXT, CREATION_DATE) VALUES (18, 6, 'eighteenth', '26-MAY-15 07.49.58.162000000 AM');
INSERT INTO COMMENTS (COMMENT_ID, NEWS_ID, COMMENT_TEXT, CREATION_DATE) VALUES (19, 1, 'nineteenth', '27-MAY-15 07.49.58.162000000 AM');
INSERT INTO COMMENTS (COMMENT_ID, NEWS_ID, COMMENT_TEXT, CREATION_DATE) VALUES (20, 3, 'twentieth', '11-MAY-15 07.49.58.162000000 AM');